system,kappa,gamma,min_choi_eig,coh_proxy
radical-pair,0.0,0.01,-0.9999976831156699,-0.003619550050407408
radical-pair,0.0,0.03,-0.999995012658777,-0.008171826584625296
radical-pair,0.0,0.07,-0.9999896793284337,-0.030787348971550124
radical-pair,0.1,0.01,-1.000002825389021,-0.011456166575520368
radical-pair,0.1,0.03,-1.000010272025304,-0.024828040921944034
radical-pair,0.1,0.07,-1.0000245173196023,-0.04024725108345849
radical-pair,0.3,0.01,-1.000009134747057,-0.036670774132210024
radical-pair,0.3,0.03,-1.0000288936009611,0.02645998032905382
radical-pair,0.3,0.07,-1.0000665717725625,-0.05491162513617943
