system,kappa,gamma,min_choi_eig,coh_proxy,entropy_final
two-site,0.0,0.02,-0.980197015956841,-5.777323537135486e-05,0.09713683603885023
two-site,0.0,0.05,-0.9512275720519356,-0.00023259142619940342,0.19463071466706178
two-site,0.0,0.1,-0.9048346974779775,-0.00013132361723281938,0.31393789203697026
two-site,0.2,0.02,-0.9801910441888714,-0.00017680826859824543,0.09713685651370084
two-site,0.2,0.05,-0.951221976975247,-3.7043687291847645e-05,0.1946307231435061
two-site,0.2,0.1,-0.9048296893283634,-3.663927359725443e-05,0.31393785046663547
two-site,0.5,0.02,-0.9801601336431807,0.0010206011185637871,0.0971364346836072
two-site,0.5,0.05,-0.9511927528404815,0.00013232336949188002,0.19463199424123545
two-site,0.5,0.1,-0.9048030761228075,-9.307195851274962e-05,0.31394076665609066
