{"min_choi_eig": -0.975308646815955, "lindblad_gap": 0.0004477229589437473}